TENURE,LU_DESC,HECTARES,LC_DESC_06,LC_DESC_07
PRIVATE,Softwood Plantation,44.93581009,Native woody cover,Woody vegetation - production
PRIVATE,Softwood Plantation,83.77060699,Pasture and Grassland,Woody vegetation - production
PRIVATE,Mixed farming and grazing  (generally more than 20ha),19.54973030,Woody vegetation - production,Woody vegetation - production
PRIVATE,Mixed farming and grazing  (generally more than 20ha),34.19278336,Woody vegetation - production,Woody vegetation - production
PRIVATE,Mixed farming and grazing  (generally more than 20ha),18.91466141,Woody vegetation - production,Woody vegetation - production
PRIVATE,Unclassified Private Land,271.97204590,Woody vegetation - production,Woody vegetation - production
PRIVATE,Unclassified Private Land,87.65941620,Native woody cover,Native woody cover
PRIVATE,Unclassified Private Land,3.32734251,Unknown,Unknown
PUBLIC,Forest Reserves - Public,34.64141846,Native woody cover,Native woody cover
PUBLIC,National Park - Land,235.60334778,Native woody cover,Native woody cover
PRIVATE,Unclassified Private Land,0.71110982,Unknown,Unknown
PUBLIC,National Park - Land,40.80041885,Native woody cover,Native woody cover
PUBLIC,National Park - Land,8.30260468,Unknown,Unknown
PUBLIC,Reserved Land,0.45641094,Unknown,Unknown
PRIVATE,Mixed farming and grazing  (generally more than 20ha),23.51332664,Woody vegetation - production,Woody vegetation - production
PUBLIC,Water Supply,0.25750512,Unknown,Unknown
PUBLIC,National Park - Land,0.52875167,Unknown,Unknown
PRIVATE,Unclassified Private Land,42.81103897,Native woody cover,Native woody cover
PRIVATE,Unclassified Private Land,10.13314438,Unknown,Unknown
PRIVATE,Unclassified Private Land,0.31083116,Unknown,Unknown
PRIVATE,Unclassified Private Land,0.15988737,Unknown,Unknown
PRIVATE,Unclassified Private Land,5.14986658,Unknown,Unknown
PRIVATE,Unclassified Private Land,7.11643028,Unknown,Unknown
PRIVATE,Unclassified Private Land,0.70545453,Unknown,Unknown
PUBLIC,Water Supply,0.11687440,Unknown,Unknown
PUBLIC,National Park - Land,0.62630039,Unknown,Unknown
PRIVATE,Unclassified Private Land,64.80586243,Woody vegetation - production,Woody vegetation - production
PRIVATE,Unclassified Private Land,0.35432729,Unknown,Unknown
PRIVATE,Unclassified Private Land,7.66639709,Unknown,Unknown
PUBLIC,Reserved Land,3.43405509,Unknown,Unknown
PUBLIC,Reserved Land,0.74196589,Unknown,Unknown
PRIVATE,Unclassified Private Land,0.39112076,Unknown,Unknown
PRIVATE,Unclassified Private Land,0.25537241,Unknown,Unknown
PRIVATE,Unclassified Private Land,0.15790167,Unknown,Unknown
PRIVATE,Unclassified Private Land,1.50956726,Unknown,Unknown
PRIVATE,Unclassified Private Land,0.07894672,Unknown,Unknown
PUBLIC,Reserved Land,1.05727899,Unknown,Unknown
PUBLIC,Reserved Land,1.33241105,Unknown,Unknown
PUBLIC,Reserved Land,0.63541049,Unknown,Unknown
PRIVATE,Detached Home,1.21024263,Unknown,Unknown
PRIVATE,Vacant Residential Home Site / Surveyed Lot,0.81165361,Unknown,Unknown
PRIVATE,Detached Home,1.01230359,Unknown,Unknown
PUBLIC,National Park - Land,12.52825642,Native woody cover,Native woody cover
PUBLIC,National Park - Land,13.60083866,Native woody cover,Native woody cover
PUBLIC,National Park - Land,42.63956833,Native woody cover,Native woody cover
PUBLIC,National Park - Land,168.31517029,Native woody cover,Native woody cover
PRIVATE,Mixed farming and grazing  (generally more than 20ha),13.85608006,Woody vegetation - production,Woody vegetation - production
PUBLIC,Nature Reserve Area,7.16746187,Unknown,Unknown
PRIVATE,Unclassified Private Land,2.36506581,Unknown,Unknown
PRIVATE,Unclassified Private Land,2.44095659,Unknown,Unknown
PRIVATE,Unclassified Private Land,2.31330061,Unknown,Unknown
PRIVATE,Unclassified Private Land,2.11388803,Unknown,Unknown
PRIVATE,Mixed farming and grazing  (generally more than 20ha),5.51803589,Unknown,Unknown
PRIVATE,Unclassified Private Land,2.20424247,Unknown,Unknown
PRIVATE,Mixed farming and grazing  (generally more than 20ha),12.11220837,Unknown,Unknown
PRIVATE,Unclassified Private Land,2.11895370,Unknown,Unknown
PRIVATE,Mixed farming and grazing  (generally more than 20ha),13.46969604,Pasture and Grassland,Pasture and Grassland
PRIVATE,Unclassified Private Land,14.33802223,Pasture and Grassland,Woody vegetation - production
PRIVATE,Mixed farming and grazing  (generally more than 20ha),2.46191716,Unknown,Unknown
PRIVATE,Detached Home,1.65305626,Unknown,Unknown
PRIVATE,Mixed farming and grazing  (generally more than 20ha),12.58622265,Pasture and Grassland,Pasture and Grassland
PRIVATE,Mixed farming and grazing  (generally more than 20ha),1.70703328,Unknown,Unknown
PUBLIC,Reserved Land,0.84147811,Unknown,Unknown
PRIVATE,Mixed farming and grazing  (generally more than 20ha),17.34537315,Pasture and Grassland,Pasture and Grassland
PRIVATE,Detached Home,0.25253633,Unknown,Unknown
PUBLIC,Creek Reserve (Fresh Water),2.46680570,Unknown,Unknown
PRIVATE,Detached Home,0.23627028,Unknown,Unknown
PUBLIC,Creek Reserve (Fresh Water),1.01084673,Unknown,Unknown
PRIVATE,Detached Home,0.20475355,Unknown,Unknown
PRIVATE,Vacant Residential Home Site / Surveyed Lot,0.20476054,Unknown,Unknown
PRIVATE,Detached Home,0.23971716,Unknown,Unknown
PRIVATE,Detached Home,0.19942763,Unknown,Unknown
PRIVATE,Detached Home,0.20510857,Unknown,Unknown
PUBLIC,"Unspecified - Transport, Storage, Utilities and Communication",0.23466007,Unknown,Unknown
PRIVATE,Detached Home,0.20511273,Unknown,Unknown
PRIVATE,Detached Home,0.12959325,Unknown,Unknown
PRIVATE,Vacant Residential Home Site / Surveyed Lot,0.32126740,Unknown,Unknown
PRIVATE,Detached Home,0.12133506,Unknown,Unknown
PRIVATE,Detached Home,0.12133109,Unknown,Unknown
PRIVATE,Detached Home,0.08581617,Unknown,Unknown
PRIVATE,Vacant Residential Home Site / Surveyed Lot,0.20510985,Unknown,Unknown
PRIVATE,Detached Home,0.12133372,Unknown,Unknown
PRIVATE,Vacant Residential Home Site / Surveyed Lot,0.10344231,Unknown,Unknown
PRIVATE,Detached Home,0.14755732,Unknown,Unknown
PRIVATE,Detached Home,0.31144986,Unknown,Unknown
PRIVATE,Detached Home,0.12664551,Unknown,Unknown
PRIVATE,Detached Home,0.14622158,Unknown,Unknown
PRIVATE,Detached Home,0.12675722,Unknown,Unknown
PRIVATE,Detached Home,0.15199749,Unknown,Unknown
PRIVATE,Unclassified Private Land,0.09450291,Unknown,Unknown
PRIVATE,Softwood Plantation,73.33676910,Woody vegetation - production,Woody vegetation - production
PRIVATE,Softwood Plantation,127.70913696,Woody vegetation - production,Woody vegetation - production
PRIVATE,Softwood Plantation,27.55788612,Woody vegetation - production,Woody vegetation - production
PRIVATE,Softwood Plantation,48.82616425,Woody vegetation - production,Woody vegetation - production
PRIVATE,Unclassified Private Land,0.48892161,Unknown,Unknown
PRIVATE,Softwood Plantation,70.71774292,Woody vegetation - production,Woody vegetation - production
PUBLIC,Reserved Land,127.97611237,Native woody cover,Native woody cover
PUBLIC,Reserved Land,230.48056030,Native woody cover,Native woody cover
PUBLIC,Reserved Land,11.14211941,Unknown,Unknown
PRIVATE,Softwood Plantation,96.42896271,Pasture and Grassland,Woody vegetation - production
PRIVATE,Softwood Plantation,128.91317749,Woody vegetation - production,Woody vegetation - production
PRIVATE,Softwood Plantation,114.89465332,Woody vegetation - production,Woody vegetation - production
PUBLIC,Reserved Land,14.58072376,Pasture and Grassland,Pasture and Grassland
PRIVATE,Mixed farming and grazing  (generally more than 20ha),73.34102631,Pasture and Grassland,Pasture and Grassland
PUBLIC,Reserved Land,126.18143463,Native woody cover,Native woody cover
PUBLIC,Reserved Land,10.26170921,Unknown,Unknown
PUBLIC,Reserved Land,1.24462366,Unknown,Unknown
PRIVATE,Livestock Production (Beef Cattle),19.39699745,Woody vegetation - production,Pasture and Grassland
PRIVATE,Vacant Residential Home Site / Surveyed Lot,0.07895146,Unknown,Unknown
PRIVATE,Unclassified Private Land,0.07894725,Unknown,Unknown
PRIVATE,Unclassified Private Land,0.07895093,Unknown,Unknown
PRIVATE,Unclassified Private Land,0.07894697,Unknown,Unknown
PRIVATE,Vacant Residential Home Site / Surveyed Lot,0.07895410,Unknown,Unknown
PRIVATE,Unclassified Private Land,0.07894727,Unknown,Unknown
PUBLIC,Reserved Land,1.54754162,Unknown,Unknown
PUBLIC,National Park - Land,561.33288574,Native woody cover,Native woody cover
PUBLIC,National Park - Land,0.25436512,Unknown,Unknown
PRIVATE,Mixed farming and grazing  (generally more than 20ha),9.70419788,Unknown,Unknown
PUBLIC,National Park - Land,0.34689182,Unknown,Unknown
PRIVATE,Livestock Production (Beef Cattle),113.20969391,Pasture and Grassland,Pasture and Grassland
PRIVATE,Livestock Production (Beef Cattle),5.49737930,Unknown,Unknown
PUBLIC,National Park - Land,1.00143480,Unknown,Unknown
PRIVATE,Mixed farming and grazing  (generally more than 20ha),2.54049325,Unknown,Unknown
PRIVATE,Mixed farming and grazing  (generally more than 20ha),0.27830860,Unknown,Unknown
PRIVATE,Livestock Production (Beef Cattle),55.30008698,Pasture and Grassland,Pasture and Grassland
PRIVATE,Livestock Production (Beef Cattle),105.42189026,Pasture and Grassland,Pasture and Grassland
PRIVATE,Livestock Production (Beef Cattle),47.73726654,Woody vegetation - production,Woody vegetation - production
PUBLIC,Nature Reserve Area,3.60064340,Unknown,Unknown
PUBLIC,Nature Reserve Area,110.00807190,Native woody cover,Native woody cover
PUBLIC,National Park - Land,134.92704773,Native woody cover,Native woody cover
PUBLIC,National Park - Land,36.75578308,Native woody cover,Native woody cover
PUBLIC,National Park - Land,9.09038258,Unknown,Unknown
PUBLIC,National Park - Land,0.94639146,Unknown,Unknown
PRIVATE,Vacant Residential Home Site / Surveyed Lot,1.18496144,Unknown,Unknown
PRIVATE,Detached Home,0.08010629,Unknown,Unknown
PRIVATE,Detached Home,0.10107610,Unknown,Unknown
PRIVATE,Residential Rural / Rural Lifestyle (0.4 to 20 Ha),0.23054539,Unknown,Unknown
PRIVATE,Vacant Residential Home Site / Surveyed Lot,0.08010269,Unknown,Unknown
PRIVATE,Detached Home,0.15507858,Unknown,Unknown
PRIVATE,Detached Home,0.03137000,Unknown,Unknown
PRIVATE,Detached Home,0.08010768,Unknown,Unknown
PRIVATE,Detached Home,0.13944973,Unknown,Unknown
PRIVATE,Detached Home,0.04232135,Unknown,Unknown
PRIVATE,Detached Home,0.14749435,Unknown,Unknown
PRIVATE,Detached Home,0.08010705,Unknown,Unknown
PRIVATE,Vacant Residential Home Site / Surveyed Lot,0.11052360,Unknown,Unknown
PRIVATE,Vacant Residential Home Site / Surveyed Lot,0.11792240,Unknown,Unknown
PRIVATE,Detached Home,0.08010861,Unknown,Unknown
PRIVATE,Detached Home,0.07890044,Unknown,Unknown
PRIVATE,Detached Home,0.36852977,Unknown,Unknown
PRIVATE,Detached Home,0.08010177,Unknown,Unknown
PRIVATE,Detached Home,0.00242474,Unknown,Unknown
PRIVATE,Detached Home,0.10107166,Unknown,Unknown
PRIVATE,Detached Home,0.29937515,Unknown,Unknown
PRIVATE,Detached Home,0.10107291,Unknown,Unknown
PRIVATE,Detached Home,0.08010607,Unknown,Unknown
PRIVATE,Detached Home,0.10106681,Unknown,Unknown
PRIVATE,Detached Home,0.10803732,Unknown,Unknown
PRIVATE,Detached Home,0.08010460,Unknown,Unknown
PRIVATE,Detached Home,0.11898888,Unknown,Unknown
PRIVATE,Detached Home,0.08010539,Unknown,Unknown
PRIVATE,Vacant Residential Home Site / Surveyed Lot,0.13506296,Unknown,Unknown
PRIVATE,Detached Home,0.22431178,Unknown,Unknown
PRIVATE,Detached Home,0.08010524,Unknown,Unknown
PRIVATE,Retail Premises (single occupancy/single title/single stratum),0.13577317,Unknown,Unknown
PRIVATE,Detached Home,0.08010732,Unknown,Unknown
PRIVATE,Detached Home,0.19263574,Unknown,Unknown
PRIVATE,Retail Premises (single occupancy/single title/single stratum),0.08010546,Unknown,Unknown
PRIVATE,Detached Home,0.19263217,Unknown,Unknown
PRIVATE,Detached Home,0.08010678,Unknown,Unknown
PRIVATE,Detached Home,0.08010323,Unknown,Unknown
PRIVATE,Unclassified Private Land,0.19263126,Unknown,Unknown
PRIVATE,Detached Home,0.15186723,Unknown,Unknown
PRIVATE,Detached Home,0.09631938,Unknown,Unknown
PRIVATE,Detached Home,0.09631684,Unknown,Unknown
PRIVATE,Vacant Residential Home Site / Surveyed Lot,0.09631948,Unknown,Unknown
PUBLIC,"Unspecified - Transport, Storage, Utilities and Communication",0.31571585,Unknown,Unknown
PRIVATE,Vacant Residential Home Site / Surveyed Lot,0.09631218,Unknown,Unknown
PRIVATE,Detached Home,0.17175730,Unknown,Unknown
PRIVATE,Vacant Residential Home Site / Surveyed Lot,0.10117640,Unknown,Unknown
PRIVATE,Detached Home,0.10117659,Unknown,Unknown
PRIVATE,Detached Home,0.10116930,Unknown,Unknown
PUBLIC,Reserved Land,522.35089111,Native woody cover,Native woody cover
PRIVATE,Livestock Production (Dairy Cattle),17.97582245,Pasture and Grassland,Pasture and Grassland
PRIVATE,Livestock Production (Dairy Cattle),29.86299133,Pasture and Grassland,Pasture and Grassland
PRIVATE,Mixed farming and grazing  (generally more than 20ha),6.31910324,Unknown,Unknown
PRIVATE,Mixed farming and grazing  (generally more than 20ha),3.37043285,Unknown,Unknown
PRIVATE,Mixed farming and grazing  (generally more than 20ha),5.31943083,Unknown,Unknown
PRIVATE,Mixed farming and grazing  (generally more than 20ha),3.41841292,Unknown,Unknown
PRIVATE,Unclassified Private Land,0.19919516,Unknown,Unknown
PRIVATE,Mixed farming and grazing  (generally more than 20ha),3.11350441,Unknown,Unknown
PRIVATE,Mixed farming and grazing  (generally more than 20ha),3.65330696,Unknown,Unknown
PRIVATE,Livestock Production (Beef Cattle),100.69408417,Woody vegetation - production,Woody vegetation - production
PRIVATE,Mixed farming and grazing  (generally more than 20ha),3.42930174,Unknown,Unknown
PRIVATE,Livestock Production (Dairy Cattle),8.69012547,Unknown,Unknown
PRIVATE,Mixed farming and grazing  (generally more than 20ha),2.70041370,Unknown,Unknown
PUBLIC,Reserved Land,112.61646271,Native woody cover,Native woody cover
PRIVATE,Livestock Production (Dairy Cattle),17.66759300,Pasture and Grassland,Pasture and Grassland
PRIVATE,Mixed farming and grazing  (generally more than 20ha),2.84744191,Unknown,Unknown
PRIVATE,Livestock Production (Dairy Cattle),17.98654175,Pasture and Grassland,Pasture and Grassland
PRIVATE,Livestock Production (Dairy Cattle),3.60698938,Unknown,Unknown
PRIVATE,Unclassified Private Land,0.11217678,Unknown,Unknown
PRIVATE,Livestock Production (Beef Cattle),16.73871231,Pasture and Grassland,Pasture and Grassland
PRIVATE,Unclassified Private Land,0.92324257,Unknown,Unknown
PRIVATE,Vacant Residential Rural / Rural Lifestyle (0.4 to 20ha),3.68622589,Unknown,Unknown
PRIVATE,Native Hardwood (standing timber),230.33645630,Woody vegetation - production,Woody vegetation - production
PRIVATE,Livestock Production (Dairy Cattle),3.85746360,Unknown,Unknown
PRIVATE,Livestock Production (Dairy Cattle),27.84701729,Pasture and Grassland,Pasture and Grassland
PRIVATE,Livestock Production (Beef Cattle),2.20652962,Unknown,Unknown
PRIVATE,Mixed farming and grazing  (generally more than 20ha),8.50692749,Unknown,Unknown
PRIVATE,Mixed farming and grazing  (generally more than 20ha),4.01704645,Unknown,Unknown
PRIVATE,Softwood Plantation,85.65167999,Pasture and Grassland,Pasture and Grassland
PRIVATE,Mixed farming and grazing  (generally more than 20ha),6.43229532,Unknown,Unknown
PRIVATE,Livestock Production (Beef Cattle),50.83227921,Pasture and Grassland,Pasture and Grassland
PRIVATE,Market Garden - Vegetables (generally less than 20ha plantings),10.20309258,Unknown,Unknown
PRIVATE,Mixed farming and grazing  (generally more than 20ha),1.61271691,Unknown,Unknown
PRIVATE,Mixed farming and grazing  (generally more than 20ha),14.44195175,Pasture and Grassland,Pasture and Grassland
PRIVATE,Livestock Production (Beef Cattle),49.24386215,Pasture and Grassland,Pasture and Grassland
PRIVATE,Livestock Production (Beef Cattle),33.26441956,Pasture and Grassland,Pasture and Grassland
PRIVATE,Livestock Production (Beef Cattle),12.88278198,Pasture and Grassland,Pasture and Grassland
PRIVATE,Livestock Production (Beef Cattle),28.77616310,Pasture and Grassland,Pasture and Grassland
PRIVATE,Livestock Production (Beef Cattle),25.86020088,Woody vegetation - production,Pasture and Grassland
PRIVATE,Livestock Production (Beef Cattle),27.76399040,Pasture and Grassland,Pasture and Grassland
PRIVATE,Livestock Production (Beef Cattle),0.56773061,Unknown,Unknown
PRIVATE,Livestock Production (Beef Cattle),0.24988620,Unknown,Unknown
PRIVATE,Unclassified Private Land,0.07239434,Unknown,Unknown
PRIVATE,Unclassified Private Land,0.06416462,Unknown,Unknown
PRIVATE,Livestock Production (Beef Cattle),0.48079357,Unknown,Unknown
PRIVATE,Livestock Production (Beef Cattle),0.18224083,Unknown,Unknown
PRIVATE,Livestock Production (Beef Cattle),0.57845795,Unknown,Unknown
PUBLIC,National Park - Land,2.56304026,Unknown,Unknown
PUBLIC,Reserved Land,49.73221207,Native woody cover,Native woody cover
PRIVATE,Livestock Production (Beef Cattle),43.52866745,Woody vegetation - production,Woody vegetation - production
PRIVATE,Mixed farming and grazing  (generally more than 20ha),11.78906155,Unknown,Unknown
PRIVATE,Detached Home,0.99290723,Unknown,Unknown
PRIVATE,Livestock Production (Dairy Cattle),17.93670464,Pasture and Grassland,Pasture and Grassland
PRIVATE,Detached Home,0.84772468,Unknown,Unknown
PUBLIC,Reserved Land,0.22327396,Unknown,Unknown
PUBLIC,"Unspecified - Transport, Storage, Utilities and Communication",0.06771079,Unknown,Unknown
PRIVATE,Vacant Residential Home Site / Surveyed Lot,0.84772450,Unknown,Unknown
PRIVATE,Mixed farming and grazing  (generally more than 20ha),3.11050868,Unknown,Unknown
PRIVATE,Detached Home,0.84774661,Unknown,Unknown
PRIVATE,Vacant Residential Home Site / Surveyed Lot,5.85189724,Unknown,Unknown
PRIVATE,Mixed farming and grazing  (generally more than 20ha),12.15108967,Unknown,Unknown
PRIVATE,Detached Home,0.20510466,Unknown,Unknown
PRIVATE,Detached Home,0.20510486,Unknown,Unknown
PRIVATE,Detached Home,0.20510870,Unknown,Unknown
PRIVATE,Livestock Production (Dairy Cattle),52.40208817,Woody vegetation - production,Pasture and Grassland
PRIVATE,Detached Home,0.20511302,Unknown,Unknown
PRIVATE,Mixed farming and grazing  (generally more than 20ha),12.17458534,Unknown,Unknown
PUBLIC,"Unspecified - Transport, Storage, Utilities and Communication",0.16055700,Unknown,Unknown
PRIVATE,Detached Home,0.14478150,Unknown,Unknown
PRIVATE,Detached Home,2.42915225,Unknown,Unknown
PUBLIC,Creek Reserve (Fresh Water),62.26992798,Pasture and Grassland,Pasture and Grassland
PRIVATE,Detached Home,0.10117821,Unknown,Unknown
PRIVATE,Detached Home,3.90860295,Unknown,Unknown
PRIVATE,Mixed farming and grazing  (generally more than 20ha),31.97240448,Pasture and Grassland,Pasture and Grassland
PRIVATE,Vacant Residential Home Site / Surveyed Lot,0.10117356,Unknown,Unknown
PRIVATE,Detached Home,0.10117578,Unknown,Unknown
PRIVATE,Livestock Production (Beef Cattle),21.42257881,Pasture and Grassland,Pasture and Grassland
PRIVATE,Mixed farming and grazing  (generally more than 20ha),0.93433219,Unknown,Unknown
PRIVATE,Mixed farming and grazing  (generally more than 20ha),13.95267200,Pasture and Grassland,Pasture and Grassland
PRIVATE,Mixed farming and grazing  (generally more than 20ha),9.49874496,Unknown,Unknown
PRIVATE,Detached Home,0.31990522,Unknown,Unknown
PRIVATE,Detached Home,0.06687460,Unknown,Unknown
PRIVATE,Unclassified Private Land,0.44375190,Unknown,Unknown
PRIVATE,Mixed farming and grazing  (generally more than 20ha),7.06145334,Unknown,Unknown
PRIVATE,Livestock Production (Beef Cattle),0.97631830,Unknown,Unknown
PRIVATE,Livestock Production (Beef Cattle),32.41702271,Woody vegetation - production,Pasture and Grassland
PRIVATE,Livestock Production (Beef Cattle),30.86905670,Pasture and Grassland,Pasture and Grassland
PRIVATE,Unclassified Private Land,0.79921377,Unknown,Unknown
PRIVATE,Unclassified Private Land,0.19708987,Unknown,Unknown
PRIVATE,Livestock Production (Dairy Cattle),0.06050090,Unknown,Unknown
PRIVATE,Unclassified Private Land,0.26745382,Unknown,Unknown
PRIVATE,Livestock Production (Dairy Cattle),0.13781595,Unknown,Unknown
PRIVATE,Unclassified Private Land,16.81711578,Woody vegetation - production,Pasture and Grassland
PRIVATE,Livestock Production (Dairy Cattle),0.52794367,Unknown,Unknown
PRIVATE,Mixed farming and grazing  (generally more than 20ha),7.83281946,Unknown,Unknown
PRIVATE,Unclassified Private Land,2.84782910,Unknown,Unknown
PRIVATE,Livestock Production (Beef Cattle),16.52200508,Woody vegetation - production,Pasture and Grassland
PRIVATE,Detached Home,1.81587756,Unknown,Unknown
PRIVATE,Detached Home,0.11964130,Unknown,Unknown
PRIVATE,Retail Premises,0.12929770,Unknown,Unknown
PRIVATE,Detached Home,0.20813008,Unknown,Unknown
PRIVATE,Detached Home,0.23629652,Unknown,Unknown
PRIVATE,Detached Home,0.20278975,Unknown,Unknown
PRIVATE,Detached Home,0.14244424,Unknown,Unknown
PRIVATE,Retail Premises (single occupancy/single title/single stratum),0.18657275,Unknown,Unknown
PRIVATE,Detached Home,0.15877010,Unknown,Unknown
PUBLIC,Reserved Land,0.23987018,Unknown,Unknown
PRIVATE,Detached Home,0.24799778,Unknown,Unknown
PRIVATE,Detached Home,0.26651317,Unknown,Unknown
PRIVATE,Detached Home,0.48606509,Unknown,Unknown
PRIVATE,Detached Home,0.22228648,Unknown,Unknown
PRIVATE,Mixed farming and grazing  (generally more than 20ha),0.91033602,Unknown,Unknown
PUBLIC,Reserved Land,2.03623915,Unknown,Unknown
PRIVATE,Detached Home,0.26685545,Unknown,Unknown
PRIVATE,Detached Home,0.40486655,Unknown,Unknown
PRIVATE,Detached Home,0.60906214,Unknown,Unknown
PRIVATE,Unclassified Private Land,0.07767313,Unknown,Unknown
PRIVATE,Detached Home,0.16939737,Unknown,Unknown
PRIVATE,Detached Home,0.08351865,Unknown,Unknown
PRIVATE,Detached Home,0.15977426,Unknown,Unknown
PRIVATE,Mixed farming and grazing  (generally more than 20ha),3.37924528,Unknown,Unknown
PRIVATE,Vacant Residential Home Site / Surveyed Lot,0.15566535,Unknown,Unknown
PRIVATE,Unclassified Private Land,0.55129749,Unknown,Unknown
PRIVATE,Retail Premises (single occupancy/single title/single stratum),0.11275430,Unknown,Unknown
PRIVATE,Livestock Production (Dairy Cattle),3.86995840,Unknown,Unknown
PRIVATE,Residential Rural / Rural Lifestyle (0.4 to 20 Ha),3.10713148,Unknown,Unknown
PUBLIC,Reserved Land,0.21380614,Unknown,Unknown
PRIVATE,Detached Home,0.11845788,Unknown,Unknown
PRIVATE,Mixed farming and grazing  (generally more than 20ha),0.45900169,Unknown,Unknown
PRIVATE,Detached Home,0.28252479,Unknown,Unknown
PRIVATE,Detached Home,0.86346316,Unknown,Unknown
PRIVATE,Unclassified Private Land,0.67360079,Unknown,Unknown
PRIVATE,Unclassified Private Land,0.19417652,Unknown,Unknown
PRIVATE,Native Hardwood (standing timber),0.51941276,Unknown,Unknown
PRIVATE,Unclassified Private Land,0.18986242,Unknown,Unknown
PRIVATE,Residential Rural / Rural Lifestyle (0.4 to 20 Ha),0.20222667,Unknown,Unknown
PRIVATE,Mixed farming and grazing  (generally more than 20ha),4.51390171,Unknown,Unknown
PRIVATE,Livestock Production (Dairy Cattle),20.29149055,Woody vegetation - production,Pasture and Grassland
PRIVATE,Livestock Production (Dairy Cattle),5.18821049,Unknown,Unknown
PRIVATE,Livestock Production (Dairy Cattle),0.93810570,Unknown,Unknown
PRIVATE,Livestock Production (Dairy Cattle),26.55352211,Pasture and Grassland,Pasture and Grassland
PRIVATE,Livestock Production (Dairy Cattle),0.26913047,Unknown,Unknown
PRIVATE,Livestock Production (Dairy Cattle),0.62445003,Unknown,Unknown
PRIVATE,Livestock Production (Dairy Cattle),2.39179444,Unknown,Unknown
PRIVATE,Livestock Production (Beef Cattle),24.90232086,Pasture and Grassland,Woody vegetation - production
PRIVATE,Livestock Production (Beef Cattle),6.93808460,Unknown,Unknown
PUBLIC,Reserved Land,7.53041983,Unknown,Unknown
PUBLIC,Reserved Land,8.18793297,Unknown,Unknown
PRIVATE,Livestock Production (Beef Cattle),1.13977993,Unknown,Unknown
PRIVATE,Livestock Production (Beef Cattle),11.27791977,Unknown,Unknown
PUBLIC,Reserved Land,4.09622860,Unknown,Unknown
PRIVATE,Mixed farming and grazing  (generally more than 20ha),3.37446618,Unknown,Unknown
PRIVATE,Unclassified Private Land,0.39409131,Unknown,Unknown
PRIVATE,Unclassified Private Land,14.72494507,Pasture and Grassland,Pasture and Grassland
PRIVATE,Unclassified Private Land,7.63507128,Unknown,Unknown
PUBLIC,Creek Reserve (Fresh Water),1.52418792,Unknown,Unknown
PUBLIC,Reserved Land,7.35032558,Unknown,Unknown
PRIVATE,Unclassified Private Land,3.12668204,Unknown,Unknown
PUBLIC,Reserved Land,3.92187047,Unknown,Unknown
PUBLIC,Creek Reserve (Fresh Water),1.92382777,Unknown,Unknown
PRIVATE,Mixed farming and grazing  (generally more than 20ha),1.23792708,Unknown,Unknown
PRIVATE,Mixed farming and grazing  (generally more than 20ha),0.94487780,Unknown,Unknown
PRIVATE,Mixed farming and grazing  (generally more than 20ha),1.55558527,Unknown,Unknown
PRIVATE,Sawmill,2.33667755,Unknown,Unknown
PRIVATE,Mixed farming and grazing  (generally more than 20ha),4.60153246,Unknown,Unknown
PRIVATE,Mixed farming and grazing  (generally more than 20ha),0.26685163,Unknown,Unknown
PRIVATE,Mixed farming and grazing  (generally more than 20ha),0.85847431,Unknown,Unknown
PRIVATE,Livestock Production (Dairy Cattle),11.16819096,Unknown,Unknown
PRIVATE,Livestock Production (Dairy Cattle),0.80151069,Unknown,Unknown
PRIVATE,Unclassified Private Land,2.43751740,Unknown,Unknown
PRIVATE,Mixed farming and grazing  (generally more than 20ha),2.52761865,Unknown,Unknown
PRIVATE,Mixed farming and grazing  (generally more than 20ha),3.70390654,Unknown,Unknown
PRIVATE,Unclassified Private Land,3.16744637,Unknown,Unknown
PUBLIC,Reserved Land,4.52493382,Unknown,Unknown
PRIVATE,Livestock Production (Beef Cattle),2.25985646,Unknown,Unknown
PRIVATE,Mixed farming and grazing  (generally more than 20ha),9.91830635,Unknown,Unknown
PRIVATE,Unclassified Private Land,0.19196525,Unknown,Unknown
PRIVATE,Detached Home,0.10107833,Unknown,Unknown
PRIVATE,Livestock Production (Dairy Cattle),1.42795134,Unknown,Unknown
PRIVATE,Detached Home,0.09736004,Unknown,Unknown
PRIVATE,Detached Home,0.02413358,Unknown,Unknown
PRIVATE,Detached Home,0.11054389,Unknown,Unknown
PRIVATE,Detached Home,0.00194832,Unknown,Unknown
PRIVATE,Detached Home,0.09764243,Unknown,Unknown
PRIVATE,Detached Home,0.08864070,Unknown,Unknown
PRIVATE,Detached Home,0.05061866,Unknown,Unknown
PRIVATE,Detached Home,0.01848537,Unknown,Unknown
PRIVATE,Detached Home,0.01299948,Unknown,Unknown
PRIVATE,Pub/Tavern/Hotel/Licensed Club/Restaurant/Licensed Restaurant/Nightclub,0.06334890,Unknown,Unknown
PRIVATE,Pub/Tavern/Hotel/Licensed Club/Restaurant/Licensed Restaurant/Nightclub,0.01125646,Unknown,Unknown
PRIVATE,Pub/Tavern/Hotel/Licensed Club/Restaurant/Licensed Restaurant/Nightclub,0.08413371,Unknown,Unknown
PRIVATE,Detached Home,0.01215655,Unknown,Unknown
PRIVATE,Detached Home,0.08010581,Unknown,Unknown
PRIVATE,Detached Home,0.08010557,Unknown,Unknown
PRIVATE,Detached Home,0.08010047,Unknown,Unknown
PUBLIC,Reserved Land,107.90251160,Pasture and Grassland,Native woody cover
PRIVATE,Livestock Production (Beef Cattle),32.03105164,Woody vegetation - production,Woody vegetation - production
PRIVATE,Livestock Production (Beef Cattle),6.30965567,Unknown,Unknown
PUBLIC,Reserved Land,6.89623213,Unknown,Unknown
PRIVATE,Livestock Production (Beef Cattle),16.40026474,Pasture and Grassland,Pasture and Grassland
PUBLIC,Reserved Land,32.25070190,Native woody cover,Native woody cover
PUBLIC,Reserved Land,19.94275093,Native woody cover,Native woody cover
PRIVATE,Livestock Production (Beef Cattle),4.09405327,Unknown,Unknown
PRIVATE,Livestock Production (Beef Cattle),23.70573425,Woody vegetation - production,Woody vegetation - production
PRIVATE,Unclassified Private Land,0.90017611,Unknown,Unknown
PUBLIC,Reserved Land,33.40587616,Pasture and Grassland,Native woody cover
PUBLIC,Creek Reserve (Fresh Water),7.62404966,Unknown,Unknown
PUBLIC,"Unspecified - Transport, Storage, Utilities and Communication",3.36410379,Unknown,Unknown
PUBLIC,Reserved Land,133.56614685,Native woody cover,Native woody cover
PUBLIC,Reserved Land,186.14520264,Native woody cover,Native woody cover
PRIVATE,Livestock Production (Dairy Cattle),12.40261078,Unknown,Unknown
PRIVATE,Livestock Production (Dairy Cattle),12.88935757,Woody vegetation - production,Pasture and Grassland
PUBLIC,Reserved Land,112.24131012,Pasture and Grassland,Native woody cover
PRIVATE,Livestock Production (Dairy Cattle),16.60158730,Woody vegetation - production,Woody vegetation - production
PRIVATE,Livestock Production (Dairy Cattle),50.60057831,Woody vegetation - production,Woody vegetation - production
PUBLIC,Creek Reserve (Fresh Water),4.38270044,Unknown,Unknown
PRIVATE,Livestock Production (Dairy Cattle),24.20169067,Pasture and Grassland,Woody vegetation - production
PRIVATE,Livestock Production (Dairy Cattle),41.72777176,Pasture and Grassland,Pasture and Grassland
PRIVATE,Livestock Production (Dairy Cattle),4.74035263,Unknown,Unknown
PUBLIC,Reserved Land,1.06174946,Unknown,Unknown
PUBLIC,"Unspecified - Transport, Storage, Utilities and Communication",166.96844482,Pasture and Grassland,Pasture and Grassland
PRIVATE,Unclassified Private Land,0.00001224,Unknown,Unknown
PRIVATE,Livestock Production (Dairy Cattle),15.36495399,Pasture and Grassland,Pasture and Grassland
PRIVATE,Livestock Production (Dairy Cattle),23.87202454,Pasture and Grassland,Woody vegetation - production
PRIVATE,Livestock Production (Dairy Cattle),82.03606415,Pasture and Grassland,Pasture and Grassland
PRIVATE,Livestock Production (Dairy Cattle),17.28211212,Pasture and Grassland,Pasture and Grassland
PRIVATE,Livestock Production (Dairy Cattle),61.06258774,Pasture and Grassland,Pasture and Grassland
PRIVATE,Livestock Production (Dairy Cattle),34.93420029,Pasture and Grassland,Pasture and Grassland
PRIVATE,Native Hardwood (standing timber),31.71336365,Pasture and Grassland,Woody vegetation - production
PUBLIC,"Unspecified - Transport, Storage, Utilities and Communication",3.62664819,Unknown,Unknown
PRIVATE,Livestock Production (Dairy Cattle),27.04017639,Pasture and Grassland,Pasture and Grassland
PRIVATE,Livestock Production (Dairy Cattle),51.80263519,Woody vegetation - production,Pasture and Grassland
PRIVATE,Livestock Production (Dairy Cattle),3.49620652,Unknown,Unknown
PRIVATE,Livestock Production (Dairy Cattle),76.19468689,Pasture and Grassland,Pasture and Grassland
PRIVATE,Livestock Production (Dairy Cattle),13.69695377,Pasture and Grassland,Pasture and Grassland
PUBLIC,Reserved Land,2.08310676,Unknown,Unknown
PRIVATE,Mixed farming and grazing  (generally more than 20ha),58.12541199,Pasture and Grassland,Pasture and Grassland
PRIVATE,Mixed farming and grazing  (generally more than 20ha),14.78222179,Pasture and Grassland,Pasture and Grassland
PRIVATE,Livestock Production (Beef Cattle),44.15631104,Pasture and Grassland,Pasture and Grassland
PRIVATE,Livestock Production (Dairy Cattle),15.20112610,Pasture and Grassland,Pasture and Grassland
PRIVATE,Livestock Production (Beef Cattle),24.98233032,Pasture and Grassland,Pasture and Grassland
PRIVATE,Livestock Production (Dairy Cattle),18.48719978,Pasture and Grassland,Pasture and Grassland
PRIVATE,Livestock Production (Dairy Cattle),62.78442383,Pasture and Grassland,Pasture and Grassland
PRIVATE,Livestock Production (Beef Cattle),43.59816360,Pasture and Grassland,Pasture and Grassland
PRIVATE,Livestock Production (Beef Cattle),46.02556610,Pasture and Grassland,Pasture and Grassland
PRIVATE,Mixed farming and grazing  (generally more than 20ha),11.66207027,Unknown,Unknown
PRIVATE,Mixed farming and grazing  (generally more than 20ha),9.25736046,Unknown,Unknown
PRIVATE,Mixed farming and grazing  (generally more than 20ha),2.06042075,Unknown,Unknown
PUBLIC,Reserved Land,9.25049782,Unknown,Unknown
PRIVATE,Livestock Production (Beef Cattle),28.90696526,Woody vegetation - production,Pasture and Grassland
PUBLIC,Reserved Land,13.49387360,Native woody cover,Native woody cover
PUBLIC,Reserved Land,5.28170300,Unknown,Unknown
PUBLIC,Reserved Land,12.21699047,Unknown,Unknown
PRIVATE,Livestock Production (Dairy Cattle),3.01212859,Unknown,Unknown
PRIVATE,Livestock Production (Dairy Cattle),6.18067884,Unknown,Unknown
PRIVATE,Livestock Production (Dairy Cattle),2.88985419,Unknown,Unknown
PRIVATE,Livestock Production (Dairy Cattle),12.53317547,Woody vegetation - production,Woody vegetation - production
PRIVATE,Livestock Production (Dairy Cattle),3.03384662,Unknown,Unknown
PRIVATE,Unclassified Private Land,8.58179283,Unknown,Unknown
PUBLIC,Creek Reserve (Fresh Water),1.19579220,Unknown,Unknown
PRIVATE,Livestock Production (Dairy Cattle),0.42608294,Unknown,Unknown
PRIVATE,Livestock Production (Dairy Cattle),8.37928391,Unknown,Unknown
PUBLIC,Conservation Area - Public,8.78512192,Unknown,Unknown
PRIVATE,Livestock Production (Dairy Cattle),0.36643159,Unknown,Unknown
PRIVATE,Livestock Production (Dairy Cattle),1.28304815,Unknown,Unknown
PUBLIC,Reserved Land,0.26702860,Unknown,Unknown
PRIVATE,Livestock Production (Dairy Cattle),40.96456909,Woody vegetation - production,Pasture and Grassland
PRIVATE,Mixed farming and grazing  (generally more than 20ha),2.68694735,Unknown,Unknown
PRIVATE,Mixed farming and grazing  (generally more than 20ha),0.14910871,Unknown,Unknown
PRIVATE,Livestock Production (Dairy Cattle),3.40599680,Unknown,Unknown
PRIVATE,Mixed farming and grazing  (generally more than 20ha),0.03817433,Unknown,Unknown
PUBLIC,Creek Reserve (Fresh Water),3.91003871,Unknown,Unknown
PUBLIC,Creek Reserve (Fresh Water),3.64747906,Unknown,Unknown
PRIVATE,Livestock Production (Dairy Cattle),1.04827368,Unknown,Unknown
PRIVATE,Livestock Production (Dairy Cattle),0.45959622,Unknown,Unknown
PRIVATE,Detached Home,0.43425345,Unknown,Unknown
PRIVATE,Detached Home,0.77782780,Unknown,Unknown
PUBLIC,Conservation Area - Public,4.76385784,Unknown,Unknown
PRIVATE,Vacant Residential Home Site / Surveyed Lot,0.08321027,Unknown,Unknown
PRIVATE,Vacant Residential Home Site / Surveyed Lot,0.10954981,Unknown,Unknown
PRIVATE,Livestock Production (Dairy Cattle),0.96796995,Unknown,Unknown
PRIVATE,Vacant Residential Home Site / Surveyed Lot,0.10613830,Unknown,Unknown
PRIVATE,Livestock Production (Dairy Cattle),0.87635547,Unknown,Unknown
PRIVATE,Vacant Residential Home Site / Surveyed Lot,0.11950096,Unknown,Unknown
PRIVATE,Mixed farming and grazing  (generally more than 20ha),0.62720448,Unknown,Unknown
PRIVATE,Detached Home,0.84731615,Unknown,Unknown
PRIVATE,Detached Home,0.12443931,Unknown,Unknown
PRIVATE,Detached Home,0.99004221,Unknown,Unknown
PRIVATE,Mixed farming and grazing  (generally more than 20ha),1.13178360,Unknown,Unknown
PUBLIC,Creek Reserve (Fresh Water),0.17879100,Unknown,Unknown
PRIVATE,Detached Home,0.32695001,Unknown,Unknown
PRIVATE,Detached Home,0.75463349,Unknown,Unknown
PRIVATE,Mixed farming and grazing  (generally more than 20ha),1.09209609,Unknown,Unknown
PRIVATE,Detached Home,0.19449523,Unknown,Unknown
PRIVATE,Unclassified Private Land,1.00634491,Unknown,Unknown
PRIVATE,Detached Home,0.60907143,Unknown,Unknown
PRIVATE,Detached Home,0.19569090,Unknown,Unknown
PRIVATE,Livestock Production (Dairy Cattle),2.60614395,Unknown,Unknown
PRIVATE,Livestock Production (Beef Cattle),28.01727295,Pasture and Grassland,Pasture and Grassland
PRIVATE,Unclassified Private Land,0.43446410,Unknown,Unknown
PRIVATE,Livestock Production (Dairy Cattle),5.06444120,Unknown,Unknown
PRIVATE,Unclassified Private Land,1.50698578,Unknown,Unknown
PRIVATE,Livestock Production (Beef Cattle),6.60579777,Unknown,Unknown
PRIVATE,Livestock Production (Dairy Cattle),54.10327530,Pasture and Grassland,Pasture and Grassland
PRIVATE,Livestock Production (Beef Cattle),2.23059702,Unknown,Unknown
PRIVATE,Livestock Production (Beef Cattle),16.29118919,Pasture and Grassland,Pasture and Grassland
PRIVATE,Unclassified Private Land,41.72746277,Pasture and Grassland,Pasture and Grassland
PRIVATE,Livestock Production (Beef Cattle),11.68983364,Unknown,Unknown
PRIVATE,Livestock Production (Dairy Cattle),6.24408579,Unknown,Unknown
PRIVATE,Livestock Production (Dairy Cattle),3.40388322,Unknown,Unknown
PRIVATE,Unclassified Private Land,0.17893171,Unknown,Unknown
PUBLIC,Creek Reserve (Fresh Water),0.96970981,Unknown,Unknown
PRIVATE,Livestock Production (Dairy Cattle),1.31281042,Unknown,Unknown
PUBLIC,Creek Reserve (Fresh Water),5.80652428,Unknown,Unknown
PRIVATE,Unclassified Private Land,0.64097738,Unknown,Unknown
PRIVATE,Unclassified Private Land,0.04336204,Unknown,Unknown
PRIVATE,Livestock Production (Dairy Cattle),8.91907787,Unknown,Unknown
PRIVATE,Livestock Production (Dairy Cattle),82.73919678,Pasture and Grassland,Pasture and Grassland
PRIVATE,Livestock Production (Beef Cattle),13.06257534,Pasture and Grassland,Pasture and Grassland
PRIVATE,Livestock Production (Beef Cattle),13.85583401,Woody vegetation - production,Woody vegetation - production
PRIVATE,Livestock Production (Beef Cattle),18.53076553,Woody vegetation - production,Woody vegetation - production
PRIVATE,Mixed farming and grazing  (generally more than 20ha),79.98326111,Pasture and Grassland,Pasture and Grassland
PRIVATE,Unclassified Private Land,2.52662921,Unknown,Unknown
PRIVATE,Livestock Production (Beef Cattle),3.67050767,Unknown,Unknown
PRIVATE,Mixed farming and grazing  (generally more than 20ha),1.27923214,Unknown,Unknown
PRIVATE,Livestock Production (Dairy Cattle),16.09410286,Woody vegetation - production,Woody vegetation - production
PRIVATE,Livestock Production (Dairy Cattle),21.07203484,Woody vegetation - production,Woody vegetation - production
PRIVATE,Livestock Production (Dairy Cattle),7.38332176,Unknown,Unknown
PRIVATE,Livestock Production (Dairy Cattle),4.21559906,Unknown,Unknown
PUBLIC,Reserved Land,1197.96899414,Native woody cover,Native woody cover
PRIVATE,Livestock Production (Beef Cattle),20.70109367,Pasture and Grassland,Pasture and Grassland
PRIVATE,Livestock Production (Beef Cattle),40.53696823,Woody vegetation - production,Woody vegetation - production
PUBLIC,National Park - Land,0.00999169,Unknown,Unknown
PRIVATE,Livestock Production (Dairy Cattle),16.01023293,Pasture and Grassland,Pasture and Grassland
PUBLIC,Creek Reserve (Fresh Water),9.62369347,Unknown,Unknown
PRIVATE,Livestock Production (Dairy Cattle),20.18351936,Woody vegetation - production,Pasture and Grassland
PRIVATE,Livestock Production (Beef Cattle),27.61339188,Woody vegetation - production,Woody vegetation - production
PUBLIC,Creek Reserve (Fresh Water),16.85125351,Pasture and Grassland,Pasture and Grassland
PRIVATE,Livestock Production (Beef Cattle),7.29572105,Unknown,Unknown
PRIVATE,Mixed farming and grazing  (generally more than 20ha),26.64736938,Woody vegetation - production,Woody vegetation - production
PRIVATE,Mixed farming and grazing  (generally more than 20ha),25.47995186,Woody vegetation - production,Woody vegetation - production
PRIVATE,Livestock Production (Beef Cattle),7.14802217,Unknown,Unknown
PRIVATE,Mixed farming and grazing  (generally more than 20ha),3.60025907,Unknown,Unknown
PRIVATE,Livestock Production (Beef Cattle),8.57396221,Unknown,Unknown
PRIVATE,Mixed farming and grazing  (generally more than 20ha),47.20106888,Woody vegetation - production,Woody vegetation - production
PRIVATE,Livestock Production (Dairy Cattle),13.40809155,Pasture and Grassland,Pasture and Grassland
PRIVATE,Mixed farming and grazing  (generally more than 20ha),3.48982143,Unknown,Unknown
PRIVATE,Livestock Production (Dairy Cattle),9.45432186,Unknown,Unknown
PRIVATE,Unclassified Private Land,0.79477960,Unknown,Unknown
PRIVATE,Mixed farming and grazing  (generally more than 20ha),4.60101700,Unknown,Unknown
PRIVATE,Mixed farming and grazing  (generally more than 20ha),8.02151012,Unknown,Unknown
PRIVATE,Livestock Production (Dairy Cattle),20.23780251,Pasture and Grassland,Pasture and Grassland
PUBLIC,"Unspecified - Transport, Storage, Utilities and Communication",5.46055603,Unknown,Unknown
PUBLIC,Creek Reserve (Fresh Water),14.09231758,Native woody cover,Woody vegetation - production
PRIVATE,Livestock Production (Beef Cattle),0.93623412,Unknown,Unknown
PUBLIC,Reserved Land,1.36357939,Unknown,Unknown
PUBLIC,Creek Reserve (Fresh Water),11.24909401,Unknown,Unknown
PUBLIC,Reserved Land,24.04666901,Pasture and Grassland,Pasture and Grassland
PRIVATE,Livestock Production (Beef Cattle),22.15027428,Woody vegetation - production,Pasture and Grassland
PRIVATE,Mixed farming and grazing  (generally more than 20ha),1.64534390,Unknown,Unknown
PRIVATE,Livestock Production (Beef Cattle),3.30290031,Unknown,Unknown
PRIVATE,Mixed farming and grazing  (generally more than 20ha),0.51580238,Unknown,Unknown
PRIVATE,Livestock Production (Beef Cattle),8.05968475,Unknown,Unknown
PRIVATE,Livestock Production (Beef Cattle),2.05664206,Unknown,Unknown
PRIVATE,Mixed farming and grazing  (generally more than 20ha),0.51339930,Unknown,Unknown
PRIVATE,Livestock Production (Beef Cattle),3.17683959,Unknown,Unknown
PUBLIC,Reserved Land,2.95013213,Unknown,Unknown
PRIVATE,Livestock Production (Beef Cattle),0.25915331,Unknown,Unknown
PRIVATE,Unclassified Private Land,0.86342281,Unknown,Unknown
PRIVATE,Livestock Production (Beef Cattle),5.36749172,Unknown,Unknown
PRIVATE,Livestock Production (Beef Cattle),0.69194949,Unknown,Unknown
PRIVATE,Mixed farming and grazing  (generally more than 20ha),5.45776415,Unknown,Unknown
PRIVATE,Livestock Production (Beef Cattle),2.30876827,Unknown,Unknown
PUBLIC,Creek Reserve (Fresh Water),0.27364492,Unknown,Unknown
PUBLIC,Reserved Land,5359.08007813,Native woody cover,Native woody cover
PUBLIC,Reserved Land,5359.08007813,Native woody cover,Native woody cover
